Tema,Indicador,definicion,Mnemónico,unidad_de_medida,Fuente,temporalidad,unidad_de_observacion,poblacion_de_referencia
Identificación Geográfica,CLAVEGEO,Código que identifica geográficamente la Sección al interior de cada Distrito conforme al Marco Geoestadístico del IFE. ,,,IFE,,,
Identificación Geográfica,Clave de entidad federativa,Código que identifica a la entidad federativa.,ENTIDAD,,INEGI. Censo de Población y Vivienda 2010,,,
Identificación Geográfica,Clave Distrito IFE,"Código que identifica al Distrito al interior de una entidad federativa, conforme al Marco Geoestadístico del IFE. ",DISTRITO,,IFE,,,
Población,POBTOT,"Total de personas que residen habitualmente en el país, entidad federativa, municipio y localidad. Incluye la estimación del número de personas en viviendas particulares sin información de ocupantes. Incluye a la población que no especificó su edad.",,Personas,INEGI. Censo de Población y Vivienda 2010,2010,Personas,Población total
Población,POBMAS,"Total de hombres que residen habitualmente en el país, entidad federativa, municipio y localidad. Incluye la estimación del número de hombres en viviendas particulares sin información de ocupantes. Incluye a la población que no especificó su edad.",,Personas,INEGI. Censo de Población y Vivienda 2010,2010,Personas,Población masculina
Población,POBFEM,"Total de mujeres que residen habitualmente en el país, entidad federativa, municipio y localidad. Incluye la estimación del número de mujeres en viviendas particulares sin información de ocupantes. Incluye a la población que no especificó su edad.",,Personas,INEGI. Censo de Población y Vivienda 2010,2010,Personas,Población femenina
Población,P_0A2,Personas de 0 a 2 años de edad.,,Personas,INEGI. Censo de Población y Vivienda 2010,2010,Personas,Población de 0 a 2 años
Población,P_0A2_M,Hombres de 0 a 2 años de edad.,,Personas,INEGI. Censo de Población y Vivienda 2010,2010,Personas,Población masculina de 0 a 2 años
Población,P_0A2_F,Mujeres de 0 a 2 años de edad.,,Personas,INEGI. Censo de Población y Vivienda 2010,2010,Personas,Población femenina de 0 a 2 años
Población,P_3YMAS,Personas de 3 a 130 años de edad.,,Personas,INEGI. Censo de Población y Vivienda 2010,2010,Personas,Población de 3 a 130 años
Población,P_3YMAS_M,Hombres de 3 a 130 años de edad.,,Personas,INEGI. Censo de Población y Vivienda 2010,2010,Personas,Población masculina de 3 a 130 años
Población,P_3YMAS_F,Mujeres de 3 a 130 años de edad.,,Personas,INEGI. Censo de Población y Vivienda 2010,2010,Personas,Población femenina de 3 a 130 años
Población,P_5YMAS,Personas de 5 a 130 años de edad.,,Personas,INEGI. Censo de Población y Vivienda 2010,2010,Personas,Población de 5 a 130 años
Población,P_5YMAS_M,Hombres de 5 a 130 años de edad.,,Personas,INEGI. Censo de Población y Vivienda 2010,2010,Personas,Población masculina de 5 a 130 años
Población,P_5YMAS_F,Mujeres de 5 a 130 años de edad.,,Personas,INEGI. Censo de Población y Vivienda 2010,2010,Personas,Población femenina de 5 a 130 años
Población,P_12YMAS,Personas de 12 a 130 años de edad.,,Personas,INEGI. Censo de Población y Vivienda 2010,2010,Personas,Población de 12 a 130 años
Población,P_12YMAS_M,Hombres de 12 a 130 años de edad.,,Personas,INEGI. Censo de Población y Vivienda 2010,2010,Personas,Población masculina de 12 a 130 años
Población,P_12YMAS_F,Mujeres de 12 a 130 años de edad.,,Personas,INEGI. Censo de Población y Vivienda 2010,2010,Personas,Población femenina de 12 a 130 años
Población,P_15YMAS,Personas de 15 a 130 años de edad.,,Personas,INEGI. Censo de Población y Vivienda 2010,2010,Personas,Población de 15 a 130 años
Población,P_15YMAS_M,Hombres de 15 a 130 años de edad.,,Personas,INEGI. Censo de Población y Vivienda 2010,2010,Personas,Población masculina de 15 a 130 años
Población,P_15YMAS_F,Mujeres de 15 a 130 años de edad.,,Personas,INEGI. Censo de Población y Vivienda 2010,2010,Personas,Población femenina de 15 a 130 años
Población,P_18YMAS,Personas de 18 a 130 años de edad.,,Personas,INEGI. Censo de Población y Vivienda 2010,2010,Personas,Población de 18 a 130 años
Población,P_18YMAS_M,Hombres de 18 a 130 años de edad.,,Personas,INEGI. Censo de Población y Vivienda 2010,2010,Personas,Población masculina de 18 a 130 años
Población,P_18YMAS_F,Mujeres de 18 a 130 años de edad.,,Personas,INEGI. Censo de Población y Vivienda 2010,2010,Personas,Población femenina de 18 a 130 años
Población,P_3A5,Personas de 3 a 5 años de edad.,,Personas,INEGI. Censo de Población y Vivienda 2010,2010,Personas,Población de 3 a 5 años
Población,P_3A5_M,Hombres de 3 a 5 años de edad.,,Personas,INEGI. Censo de Población y Vivienda 2010,2010,Personas,Población masculina de 3 a 5 años
Población,P_3A5_F,Mujeres de 3 a 5 años de edad.,,Personas,INEGI. Censo de Población y Vivienda 2010,2010,Personas,Población femenina de 3 a 5 años
Población,P_6A11,Personas de 6 a 11 años de edad.,,Personas,INEGI. Censo de Población y Vivienda 2010,2010,Personas,Población de 6 a 11 años
Población,P_6A11_M,Hombres de 6 a 11 años de edad.,,Personas,INEGI. Censo de Población y Vivienda 2010,2010,Personas,Población masculina de 6 a 11 años
Población,P_6A11_F,Mujeres de 6 a 11 años de edad.,,Personas,INEGI. Censo de Población y Vivienda 2010,2010,Personas,Población femenina de 6 a 11 años
Población,P_8A14,Personas de 8 a 14 años de edad.,,Personas,INEGI. Censo de Población y Vivienda 2010,2010,Personas,Población de 8 a 14 años
Población,P_8A14_M,Hombres de 8 a 14 años de edad.,,Personas,INEGI. Censo de Población y Vivienda 2010,2010,Personas,Población masculina de 8 a 14 años
Población,P_8A14_F,Mujeres de 8 a 14 años de edad.,,Personas,INEGI. Censo de Población y Vivienda 2010,2010,Personas,Población femenina de 8 a 14 años
Población,P_12A14,Personas de 12 a 14 años de edad.,,Personas,INEGI. Censo de Población y Vivienda 2010,2010,Personas,Población de 12 a 14 años
Población,P_12A14_M,Hombres de 12 a 14 años de edad.,,Personas,INEGI. Censo de Población y Vivienda 2010,2010,Personas,Población masculina de 12 a 14 años
Población,P_12A14_F,Mujeres de 12 a 14 años de edad.,,Personas,INEGI. Censo de Población y Vivienda 2010,2010,Personas,Población femenina de 12 a 14 años
Población,P_15A17,Personas de 15 a 17 años de edad.,,Personas,INEGI. Censo de Población y Vivienda 2010,2010,Personas,Población de 15 a 17 años
Población,P_15A17_M,Hombres de 15 a 17 años de edad.,,Personas,INEGI. Censo de Población y Vivienda 2010,2010,Personas,Población masculina de 15 a 17 años
Población,P_15A17_F,Mujeres de 15 a 17 años de edad.,,Personas,INEGI. Censo de Población y Vivienda 2010,2010,Personas,Población femenina de 15 a 17 años
Población,P_18A24,Personas de 18 a 24 años de edad.,,Personas,INEGI. Censo de Población y Vivienda 2010,2010,Personas,Población de 18 a 24 años
Población,P_18A24_M,Hombres de 18 a 24 años de edad.,,Personas,INEGI. Censo de Población y Vivienda 2010,2010,Personas,Población masculina de 18 a 24 años
Población,P_18A24_F,Mujeres de 18 a 24 años de edad.,,Personas,INEGI. Censo de Población y Vivienda 2010,2010,Personas,Población femenina de 18 a 24 años
Población,P_15A49_F,Mujeres de 15 a 49 años de edad.,,Personas,INEGI. Censo de Población y Vivienda 2010,2010,Personas,Población femenina de 15 a 49 años 
Población,P_60YMAS,Personas de 60 a 130 años de edad.,,Personas,INEGI. Censo de Población y Vivienda 2010,2010,Personas,Población de 60 a 130 años
Población,P_60YMAS_M,Hombres de 60 a 130 años de edad.,,Personas,INEGI. Censo de Población y Vivienda 2010,2010,Personas,Población masculina de 60 a 130 años
Población,P_60YMAS_F,Mujeres de 60 a 130 años de edad.,,Personas,INEGI. Censo de Población y Vivienda 2010,2010,Personas,Población femenina de 60 a 130 años
Población,REL_H_M,Resultado de dividir el total de hombres entre el total de mujeres y multiplicarlo por cien. Indica el número de hombres por cada 100 mujeres.,,Personas,INEGI. Censo de Población y Vivienda 2010,2010,Personas,Población total
Población,POB0_14,Personas de cero a 14 años de edad.,,Personas,INEGI. Censo de Población y Vivienda 2010,2010,Personas,Población de 0 a 14 años
Población,POB15_64,Personas de 15 a 64 años de edad.,,Personas,INEGI. Censo de Población y Vivienda 2010,2010,Personas,Población de 15 a 64 años
Población,POB65_MAS,Personas de 65 a 130 años de edad.,,Personas,INEGI. Censo de Población y Vivienda 2010,2010,Personas,Población de 65 a 130 años
Fecundidad,PROM_HNV,"Resultado de dividir el total de hijos nacidos vivos de las mujeres de 12 a 130 años de edad, entre el total de mujeres del mismo grupo de edad. Excluye a las mujeres que no especificaron el número de hijos.",,Personas,INEGI. Censo de Población y Vivienda 2010,2010,Personas,Población femenina de 12 a 130 años
Migración,PNACENT,Personas nacidas en la misma entidad federativa.,,Personas,INEGI. Censo de Población y Vivienda 2010,2010,Personas,Población total
Migración,PNACENT_M,Hombres nacidos en la misma entidad federativa.,,Personas,INEGI. Censo de Población y Vivienda 2010,2010,Personas,Población masculina nacida en la entidad
Migración,PNACENT_F,Mujeres nacidas en la misma entidad federativa.,,Personas,INEGI. Censo de Población y Vivienda 2010,2010,Personas,Población femenina nacida en la entidad
Migración,PNACOE,Personas nacidas en otra entidad federativa.,,Personas,INEGI. Censo de Población y Vivienda 2010,2010,Personas,Población nacida en otra entidad
Migración,PNACOE_M,Hombres nacidos en otra entidad federativa.,,Personas,INEGI. Censo de Población y Vivienda 2010,2010,Personas,Población masculina nacida en otra entidad
Migración,PNACOE_F,Mujeres nacidas en otra entidad federativa.,,Personas,INEGI. Censo de Población y Vivienda 2010,2010,Personas,Población femenina nacida en otra entidad
Migración,PRES2005,Personas de 5 a 130 años de edad que en los años 2005 y 2010 residían en la misma entidad federativa.,,Personas,INEGI. Censo de Población y Vivienda 2010,2010,Personas,Población de 5 a 130 años residente en la entidad en junio de 2005
Migración,PRES2005_M,Hombres de 5 a 130 años de edad que en los años 2005 y 2010 residían en la misma entidad federativa.,,Personas,INEGI. Censo de Población y Vivienda 2010,2010,Personas,Población masculina de 5 a 130 años residente en la entidad en junio de 2005
Migración,PRES2005_F,Mujeres de 5 a 130 años de edad que en los años 2005 y 2010 residían en la misma entidad federativa.,,Personas,INEGI. Censo de Población y Vivienda 2010,2010,Personas,Población femenina de 5 a 130 años residente en la entidad en junio de 2005
Migración,PRESOE05,Personas de 5 a 130 años de edad que en el año 2005 residían en otra entidad federativa.,,Personas,INEGI. Censo de Población y Vivienda 2010,2010,Personas,Población de 5 a 130 años residente en otra entidad en  junio de 2005
Migración,PRESOE05_M,Hombres de 5 a 130 años de edad que en el año 2005 residían en otra entidad federativa.,,Personas,INEGI. Censo de Población y Vivienda 2010,2010,Personas,Población masculina de 5 a 130 años residente en otra entidad en  junio de 2005
Migración,PRESOE05_F,Mujeres de 5 a 130 años de edad que en el año 2005 residían en otra entidad federativa.,,Personas,INEGI. Censo de Población y Vivienda 2010,2010,Personas,Población femenina de 5 a 130 años residente en otra entidad en  junio de 2005
Lengua indígena,P3YM_HLI,Personas de 3 a 130 años de edad que hablan alguna lengua indígena.,,Personas,INEGI. Censo de Población y Vivienda 2010,2010,Personas,Población de 3 a 130 años que habla alguna lengua indígena
Lengua indígena,P3YM_HLI_M,Hombres de 3 a 130 años de edad que hablan alguna lengua indígena.,,Personas,INEGI. Censo de Población y Vivienda 2010,2010,Personas,Población masculina de 3 a 130 años que habla alguna lengua indígena
Lengua indígena,P3YM_HLI_F,Mujeres de 3 a 130 años de edad que hablan alguna lengua indígena.,,Personas,INEGI. Censo de Población y Vivienda 2010,2010,Personas,Población femenina de 3 a 130 años que habla alguna lengua indígena
Lengua indígena,P3HLINHE,Personas de 3 a 130 años de edad que hablan alguna lengua indígena y además no hablan español.,,Personas,INEGI. Censo de Población y Vivienda 2010,2010,Personas,Población de 3 a 130 años que habla alguna lengua indígena y no habla español
Lengua indígena,P3HLINHE_M,Hombres de 3 a 130 años de edad que hablan alguna lengua indígena y además no hablan español.,,Personas,INEGI. Censo de Población y Vivienda 2010,2010,Personas,Población masculina de 3 a 130 años que habla alguna lengua indígena y no habla español
Lengua indígena,P3HLINHE_F,Mujeres de 3 a 130 años de edad que hablan alguna lengua indígena y además no hablan español.,,Personas,INEGI. Censo de Población y Vivienda 2010,2010,Personas,Población femenina de 3 a 130 años que habla alguna lengua indígena y no habla español
Lengua indígena,P3HLI_HE,Personas de 3 a 130 años de edad que hablan alguna lengua indígena y además hablan español.,,Personas,INEGI. Censo de Población y Vivienda 2010,2010,Personas,Población de 3 a 130 años que habla alguna lengua indígena y habla español
Lengua indígena,P3HLI_HE_M,Hombres de 3 a 130 años de edad que hablan alguna lengua indígena y además hablan español.,,Personas,INEGI. Censo de Población y Vivienda 2010,2010,Personas,Población masculina de 3 a 130 años que habla alguna lengua indígena y habla español
Lengua indígena,P3HLI_HE_F,Mujeres de 3 a 130 años de edad que hablan alguna lengua indígena y además hablan español.,,Personas,INEGI. Censo de Población y Vivienda 2010,2010,Personas,Población femenina de 3 a 130 años que habla alguna lengua indígena y habla español
Lengua indígena,P5_HLI,Personas de 5 años y más que hablan alguna lengua indígena.,,Personas,INEGI. Censo de Población y Vivienda 2010,2010,Personas,Población de 5 a 130 años que habla alguna lengua indígena
Lengua indígena,P5_HLI_NHE,Personas de 5 años y más que hablan alguna lengua indígena y no hablan español.,,Personas,INEGI. Censo de Población y Vivienda 2010,2010,Personas,Población de 5 a 130 años que habla alguna lengua indígena y no habla español
Lengua indígena,P5_HLI_HE,Personas de 5 años y más que hablan alguna lengua indígena y que hablan español.,,Personas,INEGI. Censo de Población y Vivienda 2010,2010,Personas,Población de 5 a 130 años que habla alguna lengua indígena y habla español
Lengua indígena,PHOG_IND,Total de personas que forman hogares censales donde el jefe del hogar o su cónyuge hablan alguna lengua indígena.,,Personas,INEGI. Censo de Población y Vivienda 2010,2010,Hogar censal,Población en hogares censales indígenas
Discapacidad,PCON_LIM,Personas que tienen dificultad para el desempeño y/o realización de tareas en la vida cotidiana.,,Personas,INEGI. Censo de Población y Vivienda 2010,2010,Personas,Población con limitación en la actividad
Discapacidad,PCLIM_MOT,"Personas con dificultad para caminar o moverse, subir o bajar.",,Personas,INEGI. Censo de Población y Vivienda 2010,2010,Personas,"Población con limitación para caminar o moverse, subir o bajar"
Discapacidad,PCLIM_VIS,"Personas con dificultad para ver, aún cuando usen lentes.",,Personas,INEGI. Censo de Población y Vivienda 2010,2010,Personas,"Población con limitación para ver, aún usando lentes"
Discapacidad,PCLIM_LENG,"Personas con dificultad para comunicarse con los demás o que tienen limitaciones para la recepción y producción de mensajes para hacerse entender a través del lenguaje, signos y símbolos.",,Personas,INEGI. Censo de Población y Vivienda 2010,2010,Personas,"Población con limitación para hablar, comunicarse o conversar"
Discapacidad,PCLIM_AUD,"Personas con dificultad para escuchar, aún usando aparato auditivo. ",,Personas,INEGI. Censo de Población y Vivienda 2010,2010,Personas,Población con limitación para escuchar
Discapacidad,PCLIM_MOT2,"Personas con dificultad para bañarse, vestirse y/o comer.",,Personas,INEGI. Censo de Población y Vivienda 2010,2010,Personas,"Población con limitación para vestirse, bañarse o comer"
Discapacidad,PCLIM_MEN,Personas con dificultad para mantener un nivel de atención en cosas sencillas. ,,Personas,INEGI. Censo de Población y Vivienda 2010,2010,Personas,Población con limitación para poner atención o aprender cosas sencillas
Discapacidad,PCLIM_MEN2,Personas con dificultad o con alguna limitación mental. ,,Personas,INEGI. Censo de Población y Vivienda 2010,2010,Personas,Población con limitación mental
Discapacidad,PSIN_LIM,Personas que no tienen dificultad para el desempeño y/o realización de tareas en la vida cotidiana.,,Personas,INEGI. Censo de Población y Vivienda 2010,2010,Personas,Población sin limitación en la actividad
Características educativas,P3A5_NOA,Personas de 3 a 5 años de edad que no van a la escuela.,,Personas,INEGI. Censo de Población y Vivienda 2010,2010,Personas,Población de 3 a 5 años que no asiste a la escuela 
Características educativas,P3A5_NOA_M,Hombres de 3 a 5 años de edad que no van a la escuela.,,Personas,INEGI. Censo de Población y Vivienda 2010,2010,Personas,Población masculina de 3 a 5 años que no asiste a la escuela 
Características educativas,P3A5_NOA_F,Mujeres de 3 a 5 años de edad que no van a la escuela.,,Personas,INEGI. Censo de Población y Vivienda 2010,2010,Personas,Población femenina de 3 a 5 años que no asiste a la escuela 
Características educativas,P6A11_NOA,Personas de 6 a 11 años de edad que no van a la escuela.,,Personas,INEGI. Censo de Población y Vivienda 2010,2010,Personas,Población de 6 a 11 años que no asiste a la escuela
Características educativas,P6A11_NOAM,Hombres de 6 a 11 años de edad que no van a la escuela.,,Personas,INEGI. Censo de Población y Vivienda 2010,2010,Personas,Población masculina de 6 a 11 años que no asiste a la escuela
Características educativas,P6A11_NOAF,Mujeres de 6 a 11 años de edad que no van a la escuela.,,Personas,INEGI. Censo de Población y Vivienda 2010,2010,Personas,Población femenina de 6 a 11 años que no asiste a la escuela
Características educativas,P12A14NOA,Personas de 12 a 14 años de edad que no van a la escuela.,,Personas,INEGI. Censo de Población y Vivienda 2010,2010,Personas,Población de 12 a 14 años que no asiste a la escuela
Características educativas,P12A14NOAM,Hombres de 12 a 14 años de edad que no van a la escuela.,,Personas,INEGI. Censo de Población y Vivienda 2010,2010,Personas,Población masculina de 12 a 14 años que no asiste a la escuela
Características educativas,P12A14NOAF,Mujeres de 12 a 14 años de edad que no van a la escuela.,,Personas,INEGI. Censo de Población y Vivienda 2010,2010,Personas,Población femenina de 12 a 14 años que no asiste a la escuela
Características educativas,P15A17A,Personas de 15 a 17 años de edad que van a la escuela.,,Personas,INEGI. Censo de Población y Vivienda 2010,2010,Personas,Población de 15 a 17 años que asiste a la escuela
Características educativas,P15A17A_M,Hombres de 15 a 17 años de edad que van a la escuela.,,Personas,INEGI. Censo de Población y Vivienda 2010,2010,Personas,Población masculina de 15 a 17 años que asiste a la escuela
Características educativas,P15A17A_F,Mujeres de 15 a 17 años de edad que van a la escuela.,,Personas,INEGI. Censo de Población y Vivienda 2010,2010,Personas,Población femenina de 15 a 17 años que asiste a la escuela
Características educativas,P18A24A,Personas de 18 a 24 años de edad que van a la escuela.,,Personas,INEGI. Censo de Población y Vivienda 2010,2010,Personas,Población de 18 a 24 años que asiste a la escuela
Características educativas,P18A24A_M,Hombres de 18 a 24 años de edad que van a la escuela.,,Personas,INEGI. Censo de Población y Vivienda 2010,2010,Personas,Población masculina de 18 a 24 años que asiste a la escuela
Características educativas,P18A24A_F,Mujeres de 18 a 24 años de edad que van a la escuela.,,Personas,INEGI. Censo de Población y Vivienda 2010,2010,Personas,Población femenina de 18 a 24 años que asiste a la escuela
Características educativas,P8A14AN,Personas de 8 a 14 años de edad que no saben leer y escribir.,,Personas,INEGI. Censo de Población y Vivienda 2010,2010,Personas,Población de 8 a 14 años que no saben leer y escribir
Características educativas,P8A14AN_M,Hombres de 8 a 14 años de edad que no saben leer y escribir.,,Personas,INEGI. Censo de Población y Vivienda 2010,2010,Personas,Población masculina de 8 a 14 años que no saben leer y escribir
Características educativas,P8A14AN_F,Mujeres de 8 a 14 años de edad que no saben leer y escribir.,,Personas,INEGI. Censo de Población y Vivienda 2010,2010,Personas,Población femenina  de 8 a 14 años que no saben leer y escribir
Características educativas,P15YM_AN,Personas de 15 a 130 años de edad que no saben leer ni escribir.,,Personas,INEGI. Censo de Población y Vivienda 2010,2010,Personas,Población de 15 a 130 años analfabeta
Características educativas,P15YM_AN_M,Hombres de 15 a 130 años de edad que no saben leer ni escribir.,,Personas,INEGI. Censo de Población y Vivienda 2010,2010,Personas,Población masculina de 15 a 130 años analfabeta
Características educativas,P15YM_AN_F,Mujeres de 15 a 130 años de edad que no saben leer ni escribir.,,Personas,INEGI. Censo de Población y Vivienda 2010,2010,Personas,Población femenina de 15 a 130 años analfabeta
Características educativas,P15YM_SE,Personas de 15 a 130 años de edad que no aprobaron ningún grado de escolaridad o que solo tienen nivel preescolar ,,Personas,INEGI. Censo de Población y Vivienda 2010,2010,Personas,Población de 15 a 130 años sin escolaridad
Características educativas,P15YM_SE_M,Hombres de 15 a 130 años de edad que no aprobaron ningún grado de escolaridad o que solo tienen nivel preescolar,,Personas,INEGI. Censo de Población y Vivienda 2010,2010,Personas,Población masculina de 15 a 130 años sin escolaridad
Características educativas,P15YM_SE_F,Mujeres de 15 a 130 años de edad que no aprobaron ningún grado de escolaridad o que solo tienen nivel preescolar,,Personas,INEGI. Censo de Población y Vivienda 2010,2010,Personas,Población femenina de 15 a 130 años sin escolaridad
Características educativas,P15PRI_IN,Personas de 15 a 130 años de edad que tienen como máxima escolaridad hasta el quinto grado aprobado en primaria. Incluye a las personas que no especificaron los grados aprobados en el nivel señalado.,,Personas,INEGI. Censo de Población y Vivienda 2010,2010,Personas,Población de 15 a 130 años con primaria incompleta
Características educativas,P15PRI_INM,Hombres de 15 a 130 años de edad que tienen como máxima escolaridad hasta el quinto grado aprobado en primaria. Incluye a los hombres que no especificaron los grados aprobados en el nivel señalado.,,Personas,INEGI. Censo de Población y Vivienda 2010,2010,Personas,Población masculina de 15 a 130 años con primaria incompleta
Características educativas,P15PRI_INF,Mujeres de 15 a 130 años de edad que tienen como máxima escolaridad hasta el quinto grado aprobado en primaria. Incluye a las mujeres que no especificaron los grados aprobados en el nivel señalado.,,Personas,INEGI. Censo de Población y Vivienda 2010,2010,Personas,Población femenina de 15 a 130 años con primaria incompleta
Características educativas,P15PRI_CO,Personas de 15 a 130 años de edad que tienen como máxima escolaridad 6 grados aprobados en primaria. ,,Personas,INEGI. Censo de Población y Vivienda 2010,2010,Personas,Población de 15 a 130 años con primaria completa
Características educativas,P15PRI_COM,Hombres de 15 a 130 años de edad que tienen como máxima escolaridad 6 grados aprobados en primaria.,,Personas,INEGI. Censo de Población y Vivienda 2010,2010,Personas,Población masculina de 15 a 130 años con primaria completa
Características educativas,P15PRI_COF,Mujeres de 15 a 130 años de edad que tienen como máxima escolaridad 6 grados aprobados en primaria.,,Personas,INEGI. Censo de Población y Vivienda 2010,2010,Personas,Población femenina de 15 a 130 años con primaria completa
Características educativas,P15SEC_IN,Personas de 15 a 130 años de edad que tienen como máxima escolaridad hasta segundo grado aprobado de secundaria. Incluye a las personas que no especificaron los grados aprobados en el nivel señalado.,,Personas,INEGI. Censo de Población y Vivienda 2010,2010,Personas,Población de 15 a 130 años con secundaria incompleta
Características educativas,P15SEC_INM,Hombres de 15 a 130 años de edad que tienen como máxima escolaridad hasta segundo grado aprobado de secundaria. Incluye a los hombres que no especificaron los grados aprobados en el nivel señalado.,,Personas,INEGI. Censo de Población y Vivienda 2010,2010,Personas,Población masculina de 15 a 130 años con secundaria incompleta
Características educativas,P15SEC_INF,Mujeres de 15 a 130 años de edad que tienen como máxima escolaridad hasta segundo grado aprobado de secundaria. Incluye a las mujeres que no especificaron los grados aprobados en el nivel señalado.,,Personas,INEGI. Censo de Población y Vivienda 2010,2010,Personas,Población femenina de 15 a 130 años con secundaria incompleta
Características educativas,P15SEC_CO,Personas de 15 a 130 años de edad que tienen como máxima escolaridad 3 grados aprobados en secundaria.,,Personas,INEGI. Censo de Población y Vivienda 2010,2010,Personas,Población de 15 a 130 años con secundaria completa
Características educativas,P15SEC_COM,Hombres de 15 a 130 años de edad que tienen como máxima escolaridad 3 grados aprobados en secundaria.,,Personas,INEGI. Censo de Población y Vivienda 2010,2010,Personas,Población masculina de 15 a 130 años con secundaria completa
Características educativas,P15SEC_COF,Mujeres de 15 a 130 años de edad que tienen como máxima escolaridad 3 grados aprobados en secundaria.,,Personas,INEGI. Censo de Población y Vivienda 2010,2010,Personas,Población femenina de 15 a 130 años con secundaria completa
Características educativas,P18YM_PB,"Personas de 18 a 130 años de edad que tienen como máxima escolaridad algún grado aprobado en: preparatoria ó bachillerato; normal básica, estudios técnicos o comerciales   con secundaria terminada; estudios técnicos o comerciales con preparatoria terminada; normal de licenciatura; licenciatura o profesional; maestría o doctorado. Incluye a las personas que no especificaron los grados aprobados en los niveles señalados.",,Personas,INEGI. Censo de Población y Vivienda 2010,2010,Personas,Población de 18 a 130 años con educación pos-básica
Características educativas,P18YM_PB_M,"Hombres de 18 a 130 años de edad que tienen como máxima escolaridad algún grado aprobado en: preparatoria ó bachillerato; normal básica, estudios técnicos o comerciales   con secundaria terminada; estudios técnicos o comerciales con preparatoria terminada; normal de licenciatura; licenciatura o profesional; maestría o doctorado. Incluye a las personas que no especificaron los grados aprobados en los niveles señalados.",,Personas,INEGI. Censo de Población y Vivienda 2010,2010,Personas,Población masculina de 18 a 130 años con educación pos-básica
Características educativas,P18YM_PB_F,"Mujeres de 18 a 130 años de edad que tienen como máxima escolaridad algún grado aprobado en: preparatoria ó bachillerato; normal básica, estudios técnicos o comerciales   con secundaria terminada; estudios técnicos o comerciales con preparatoria terminada; normal de licenciatura; licenciatura o profesional; maestría o doctorado. Incluye a las personas que no especificaron los grados aprobados en los niveles señalados.",,Personas,INEGI. Censo de Población y Vivienda 2010,2010,Personas,Población femenina de 18 a 130 años con educación pos-básica
Características educativas,GRAPROES,Resultado de dividir el monto de grados escolares aprobados por las personas de 15 a 130 años de edad entre las personas del mismo grupo de edad. Excluye a las personas que no especificaron los grados aprobados.,,Personas,INEGI. Censo de Población y Vivienda 2010,2010,Personas,Población de 15 a 130 años
Características educativas,GRAPROES_M,Resultado de dividir el monto de grados escolares aprobados por los hombres de 15 a 130 años de edad entre los hombres del mismo grupo de edad. Excluye a los hombres que no especificaron los grados aprobados.,,Personas,INEGI. Censo de Población y Vivienda 2010,2010,Personas,Población femenina de 15 a 130 años
Características educativas,GRAPROES_F,Resultado de dividir el monto de grados escolares aprobados por las mujeres de 15 a 130 años de edad entre las mujeres del mismo grupo de edad. Excluye a las mujeres que no especificaron los grados aprobados.,,Personas,INEGI. Censo de Población y Vivienda 2010,2010,Personas,Población masculina de 15 a 130 años
Características económicas,PEA,Personas de 12 años y más que trabajaron; tenían trabajo pero no trabajaron o; buscaron trabajo en la semana de referencia.,,Personas,INEGI. Censo de Población y Vivienda 2010,2010,Personas,Población de 12 a 130 años económicamente activa
Características económicas,PEA_M,Hombres de 12 años y más que trabajaron; tenían trabajo pero no trabajaron o; buscaron trabajo en la semana de referencia.,,Personas,INEGI. Censo de Población y Vivienda 2010,2010,Personas,Población masculina de 12 a 130 años económicamente activa
Características económicas,PEA_F,Mujeres de 12 años y más que trabajaron; tenían trabajo pero no trabajaron o; buscaron trabajo en la semana de referencia.,,Personas,INEGI. Censo de Población y Vivienda 2010,2010,Personas,Población femenina de 12 a 130 años económicamente activa
Características económicas,PE_INAC,"Personas de 12 años y más pensionadas o jubiladas, estudiantes, dedicadas a los quehaceres del hogar, que tienen alguna limitación física o mental permanente que le impide trabajar. ",,Personas,INEGI. Censo de Población y Vivienda 2010,2010,Personas,Población de 12 a 130 años no económicamente activa
Características económicas,PE_INAC_M,"Hombres de 12 años y más pensionados o jubilados, estudiantes, dedicados a los quehaceres del hogar, que tienen alguna limitación física o mental permanente que le impide trabajar. ",,Personas,INEGI. Censo de Población y Vivienda 2010,2010,Personas,Población masculina de 12 a 130 años no económicamente activa
Características económicas,PE_INAC_F,"Mujeres de 12 años y más pensionadas o jubiladas, estudiantes, dedicadas a los quehaceres del hogar, que tienen alguna limitación física o mental permanente que le impide trabajar.",,Personas,INEGI. Censo de Población y Vivienda 2010,2010,Personas,Población femenina de 12 a 130 años no económicamente activa
Características económicas,POCUPADA,Personas de 12 a 130 años de edad que trabajaron o que no trabajaron pero sí tenían trabajo en la semana de referencia.,,Personas,INEGI. Censo de Población y Vivienda 2010,2010,Personas,Población de 12 a 130 años ocupada
Características económicas,POCUPADA_M,Hombres de 12 a 130 años de edad que trabajaron o que no trabajaron pero sí tenían trabajo en la semana de referencia.,,Personas,INEGI. Censo de Población y Vivienda 2010,2010,Personas,Población masculina de 12 a 130 años ocupada
Características económicas,POCUPADA_F,Mujeres de 12 a 130 años de edad que trabajaron o que no trabajaron pero sí tenían trabajo en la semana de referencia.,,Personas,INEGI. Censo de Población y Vivienda 2010,2010,Personas,Población femenina de 12 a 130 años ocupada
Características económicas,PDESOCUP,"Personas de 12 a 130 años de edad que no tenían trabajo, pero buscaron trabajo en la semana de referencia. ",,Personas,INEGI. Censo de Población y Vivienda 2010,2010,Personas,Población de 12 a 130 años desocupada
Características económicas,PDESOCUP_M,"Hombres de 12 a 130 años de edad que no tenían trabajo, pero buscaron trabajo en la semana de referencia.",,Personas,INEGI. Censo de Población y Vivienda 2010,2010,Personas,Población masculina de 12 a 130 años desocupada
Características económicas,PDESOCUP_F,"Mujeres de 12 a 130 años de edad que no tenían trabajo, pero buscaron trabajo en la semana de referencia.",,Personas,INEGI. Censo de Población y Vivienda 2010,2010,Personas,Población femenina de 12 a 130 años desocupada
Servicios de salud,PSINDER,Total de personas que no tienen derecho a recibir servicios médicos en ninguna institución pública o privada.,,Personas,INEGI. Censo de Población y Vivienda 2010,2010,Personas,Población sin derechohabiencia a servicios de salud  
Servicios de salud,PDER_SS,"Total de personas que tienen derecho a recibir servicios médicos en alguna institución de salud pública o privada como: el instituto mexicano del seguro social (imss), el instituto de seguridad y servicios sociales de los trabajadores del estado (issste e issste estatal), petróleos mexicanos (pemex), la secretaría de la defensa nacional (sedena), la secretaría de marina armada de méxico (semar), el sistema de protección social en salud o en otra.",,Personas,INEGI. Censo de Población y Vivienda 2010,2010,Personas,Población derechohabiente a servicios de salud
Servicios de salud,PDER_IMSS,Total de personas que tienen derecho a recibir servicios médicos en el instituto mexicano del seguro social (imss).,,Personas,INEGI. Censo de Población y Vivienda 2010,2010,Personas,Población derechohabiente del imss  
Servicios de salud,PDER_ISTE,Total de personas que tienen derecho a recibir servicios médicos en el instituto de seguridad y servicios sociales de los trabajadores del estado.,,Personas,INEGI. Censo de Población y Vivienda 2010,2010,Personas,Población derechohabiente del issste
Servicios de salud,PDER_ISTEE,"Total de personas que tienen derecho a recibir servicios médicos en los institutos de seguridad social de los estados (issset, isssemym, issstezac, issspea o isssteson).",,Personas,INEGI. Censo de Población y Vivienda 2010,2010,Personas,Población derechohabiente del issste estatal
Servicios de salud,PDER_SEGP,"Total de personas que tienen derecho a recibir servicios médicos en la secretaría de salud, mediante el sistema de protección en salud (seguro popular).",,Personas,INEGI. Censo de Población y Vivienda 2010,2010,Personas,Población derechohabiente del seguro popular o seguro médico para una nueva generación
Situación conyugal,P12YM_SOLT,Personas solteras de 12 a 130 años de edad. ,,Personas,INEGI. Censo de Población y Vivienda 2010,2010,Personas,Población soltera o nunca unida de 12 a 130 años
Situación conyugal,P12YM_CASA,Personas de 12 a 130 años de edad que viven con su pareja en unión libre; casadas solo por el civil; casadas solo religiosamente o; casadas por el civil y religiosamente. ,,Personas,INEGI. Censo de Población y Vivienda 2010,2010,Personas,Población casada o unida de 12 a 130 años
Situación conyugal,P12YM_SEPA,"Personas de 12 a 130 años de edad que están separadas, divorciadas o viudas. ",,Personas,INEGI. Censo de Población y Vivienda 2010,2010,Personas,Población que estuvo casada o unida de 12 a 130 años
Religión,PCATOLICA,Personas con religión católica. ,,Personas,INEGI. Censo de Población y Vivienda 2010,2010,Personas,Población con religión católica 
Religión,PNCATOLICA,"Personas con religiones protestantes históricas, pentecostales, neopentecostales, iglesia del dios vivo, columna y apoyo de la verdad, la luz del mundo, cristianas,  evangélicas y bíblicas diferentes de las evangélicas.",,Personas,INEGI. Censo de Población y Vivienda 2010,2010,Personas,"Protestantes, evangélicas y bíblicas diferentes de evangélicas"
Religión,POTRAS_REL,"Personas con religiones de origen oriental, judaico, islámico, new age, escuelas esotéricas, raíces étnicas, espiritualistas, ortodoxos,  otros movimientos religiosos y cultos populares.",,Personas,INEGI. Censo de Población y Vivienda 2010,2010,Personas,Población con otras religiones diferentes a las anteriores
Religión,PSIN_RELIG,Personas sin adscripción religiosa. Incluye ateísmo. ,,Personas,INEGI. Censo de Población y Vivienda 2010,2010,Personas,Población sin religión
Hogares censales,TOTHOG,Hogares en viviendas particulares habitadas. Se considera un hogar en cada vivienda particular. Incluye casa independiente; departamento en edificio; vivienda en vecindad; vivienda en cuarto de azotea;  local no construido para habitación; vivienda móvil; refugio o clase no especificada. ,,Hogar censal,INEGI. Censo de Población y Vivienda 2010,2010,Hogar censal,Total de hogares censales
Hogares censales,HOGJEF_M,Hogares en viviendas particulares habitadas donde el jefe es hombre. Se considera un hogar en cada vivienda particular. Incluye casa independiente; departamento en edificio; vivienda en vecindad; vivienda en cuarto de azotea;  local no construido para habitación; vivienda móvil; refugio o clase no especificada.,,Hogar censal,INEGI. Censo de Población y Vivienda 2010,2010,Hogar censal,Hogares censales con jefatura masculina
Hogares censales,HOGJEF_F,Hogares en viviendas particulares habitadas donde el jefe es mujer. Se considera un hogar en cada vivienda particular. Incluye casa independiente; departamento en edificio; vivienda en vecindad; vivienda en cuarto de azotea;  local no construido para habitación; vivienda móvil; refugio o clase no especificada.,,Hogar censal,INEGI. Censo de Población y Vivienda 2010,2010,Hogar censal,Hogares censales con jefatura femenina
Hogares censales,POBHOG,Personas en hogares censales. Se considera un hogar en cada vivienda particular. Incluye casa independiente; departamento en edificio; vivienda en vecindad; vivienda en cuarto de azotea;  local no construido para habitación; vivienda móvil; refugio o clase no especificada.,,Personas,INEGI. Censo de Población y Vivienda 2010,2010,Hogar censal,Población en hogares censales
Hogares censales,PHOGJEF_M,Personas en hogares censales donde el jefe es hombre. Se considera un hogar en cada vivienda particular. Incluye casa independiente; departamento en edificio; vivienda en vecindad; vivienda en cuarto de azotea;  local no construido para habitación; vivienda móvil; refugio o clase no especificada.,,Personas,INEGI. Censo de Población y Vivienda 2010,2010,Hogar censal,Población en hogares censales con jefatura masculina
Hogares censales,PHOGJEF_F,Personas en hogares censales donde el jefe es mujer. Se considera un hogar en cada vivienda particular. Incluye casa independiente; departamento en edificio; vivienda en vecindad; vivienda en cuarto de azotea;  local no construido para habitación; vivienda móvil; refugio o clase no especificada.,,Personas,INEGI. Censo de Población y Vivienda 2010,2010,Hogar censal,Población en hogares censales con jefatura femenina
Vivienda,VIVTOT,"Total de viviendas particulares habitadas, deshabitadas, de uso temporal y colectivas. Incluye a las viviendas particulares sin información de sus ocupantes.",,Viviendas,INEGI. Censo de Población y Vivienda 2010,2010,Viviendas,Total de viviendas
Vivienda,TVIVHAB,Viviendas particulares y colectivas habitadas. Incluye a las viviendas particulares sin información de sus ocupantes.,,Viviendas,INEGI. Censo de Población y Vivienda 2010,2010,Viviendas,Total de viviendas habitadas
Vivienda,TVIVPAR,"Viviendas particulares habitadas, deshabitadas y de uso temporal. Excluye a las viviendas particulares sin información de ocupantes.",,Viviendas,INEGI. Censo de Población y Vivienda 2010,2010,Viviendas,Total de viviendas particulares
Vivienda,VIVPAR_HAB,"Viviendas particulares habitadas de cualquier clase: casa independiente, departamento en edificio, vivienda o cuarto en vecindad, vivienda o cuarto de azotea, local no construido para habitación, vivienda móvil, refugios o clase no especificada. Excluye a las viviendas particulares sin información de ocupantes.",,Viviendas,INEGI. Censo de Población y Vivienda 2010,2010,Viviendas,Viviendas particulares habitadas
Vivienda,TVIVPARHAB,"Viviendas particulares habitadas de cualquier clase: casa independiente, departamento en edificio, vivienda o cuarto en vecindad, vivienda o cuarto de azotea, local no construido para habitación, vivienda móvil, refugios o clase no especificada. Incluye a las viviendas particulares sin información de ocupantes.",,Viviendas,INEGI. Censo de Población y Vivienda 2010,2010,Viviendas,Total de viviendas particulares habitadas
Vivienda,VIVPAR_DES,Viviendas particulares deshabitadas.,,Viviendas,INEGI. Censo de Población y Vivienda 2010,2010,Viviendas,Viviendas particulares deshabitadas
Vivienda,VIVPAR_UT,Viviendas particulares de uso temporal.,,Viviendas,INEGI. Censo de Población y Vivienda 2010,2010,Viviendas,Viviendas particulares de uso temporal
Vivienda,OCUPVIVPAR,"Personas que residen en viviendas particulares habitadas de cualquier clase: casa independiente, departamento en edificio, vivienda o cuarto en vecindad, vivienda o cuarto de azotea, local no construido para habitación, vivienda móvil, refugios o clase no especificada. Excluye la estimación del número de personas en viviendas particulares sin información de ocupantes.",,Viviendas,INEGI. Censo de Población y Vivienda 2010,2010,Viviendas,Ocupantes en viviendas particulares habitadas
Vivienda,PROM_OCUP,"Resultado de dividir el número de personas que residen en viviendas particulares habitadas, entre el número de esas viviendas. Excluye la estimación del número de personas y de viviendas particulares sin información de ocupantes.",,Viviendas,INEGI. Censo de Población y Vivienda 2010,2010,Viviendas,Promedio de ocupantes en viviendas particulares habitadas
Vivienda,PRO_OCUP_C,"Resultado de dividir el número de personas que residen en viviendas particulares habitadas entre el número de cuartos de esas viviendas. Comprende las viviendas particulares para las que se captaron las características de la vivienda, clasificadas como casa independiente, departamento en edificio, vivienda o cuarto en vecindad y vivienda o cuarto en azotea y a las que no especificaron clase de vivienda.",,Viviendas,INEGI. Censo de Población y Vivienda 2010,2010,Viviendas,Promedio de ocupantes por cuarto en viviendas particulares habitadas
Vivienda,VPH_PISODT,"Viviendas particulares habitadas con piso de cemento o firme, madera, mosaico u otro material. Comprende las viviendas particulares para las que se captaron las características de la vivienda, clasificadas como casa independiente, departamento en edificio, vivienda o cuarto en vecindad y vivienda o cuarto en azotea y a las que no especificaron clase de vivienda.",,Viviendas,INEGI. Censo de Población y Vivienda 2010,2010,Viviendas,Viviendas particulares habitadas con piso de material diferente de tierra
Vivienda,VPH_PISOTI,"Viviendas particulares habitadas con piso de tierra. Comprende las viviendas particulares para las que se captaron las características de la vivienda, clasificadas como casa independiente, departamento en edificio, vivienda o cuarto en vecindad y vivienda o cuarto en azotea y a las que no especificaron clase de vivienda.",,Viviendas,INEGI. Censo de Población y Vivienda 2010,2010,Viviendas,Viviendas particulares habitadas con piso de tierra
Vivienda,VPH_1DOR,"Viviendas particulares habitadas donde sólo uno de los cuartos se usa para dormir. Comprende las viviendas particulares para las que se captaron las características de la vivienda, clasificadas como casa independiente, departamento en edificio, vivienda o cuarto en vecindad y vivienda o cuarto en azotea y a las que no especificaron clase de vivienda.",,Viviendas,INEGI. Censo de Población y Vivienda 2010,2010,Viviendas,Viviendas particulares habitadas con un dormitorio
Vivienda,VPH_2YMASD,"Viviendas particulares habitadas que usan para dormir entre 2 y 25 cuartos. Comprende las viviendas particulares para las que se captaron las características de la vivienda, clasificadas como casa independiente, departamento en edificio, vivienda o cuarto en vecindad y vivienda o cuarto en azotea y a las que no especificaron clase de vivienda.",,Viviendas,INEGI. Censo de Población y Vivienda 2010,2010,Viviendas,Viviendas particulares habitadas con dos dormitorios y más
Vivienda,VPH_1CUART,"Viviendas particulares habitadas que tienen un solo cuarto. Comprende las viviendas particulares para las que se captaron las características de la vivienda, clasificadas como casa independiente, departamento en edificio, vivienda o cuarto en vecindad y vivienda o cuarto en azotea y a las que no especificaron clase de vivienda. Excluye la estimación del número de personas y de viviendas particulares sin información de ocupantes.",,Viviendas,INEGI. Censo de Población y Vivienda 2010,2010,Viviendas,Viviendas particulares habitadas con un solo cuarto 
Vivienda,VPH_2CUART,"Viviendas particulares habitadas que tienen dos cuartos. Comprende las viviendas particulares para las que se captaron las características de la vivienda, clasificadas como casa independiente, departamento en edificio, vivienda o cuarto en vecindad y vivienda o cuarto en azotea y a las que no especificaron clase de vivienda. Excluye la estimación del número de personas y de viviendas particulares sin información de ocupantes.",,Viviendas,INEGI. Censo de Población y Vivienda 2010,2010,Viviendas,Viviendas particulares habitadas con dos cuartos
Vivienda,VPH_3YMASC,"Viviendas particulares habitadas que tienen entre 3 y 25 cuartos. Comprende las viviendas particulares para las que se captaron las características de la vivienda, clasificadas como casa independiente, departamento en edificio, vivienda o cuarto en vecindad y vivienda o cuarto en azotea y a las que no especificaron clase de vivienda.",,Viviendas,INEGI. Censo de Población y Vivienda 2010,2010,Viviendas,Viviendas particulares habitadas con 3 cuartos y más
Vivienda,VPH_C_ELEC,"Viviendas particulares habitadas que tienen luz eléctrica. Comprende las viviendas particulares para las que se captaron las características de la vivienda, clasificadas como casa independiente, departamento en edificio, vivienda o cuarto en vecindad y vivienda o cuarto en azotea y a las que no especificaron clase de vivienda.",,Viviendas,INEGI. Censo de Población y Vivienda 2010,2010,Viviendas,Viviendas particulares habitadas que disponen de luz eléctrica
Vivienda,VPH_S_ELEC,"Viviendas particulares habitadas que no tienen luz eléctrica. Comprende las viviendas particulares para las que se captaron las características de la vivienda, clasificadas como casa independiente, departamento en edificio, vivienda o cuarto en vecindad y vivienda o cuarto en azotea y a las que no especificaron clase de vivienda.",,Viviendas,INEGI. Censo de Población y Vivienda 2010,2010,Viviendas,Viviendas particulares habitadas que no disponen de luz eléctrica
Vivienda,VPH_AGUADV,"Viviendas particulares habitadas que tienen disponibilidad de agua entubada dentro de la vivienda, o fuera de la vivienda pero dentro del terreno. Comprende las viviendas particulares para las que se captaron las características de la vivienda, clasificadas como casa independiente, departamento en edificio, vivienda o cuarto en vecindad y vivienda o cuarto en azotea y a las que no especificaron clase de vivienda. ",,Viviendas,INEGI. Censo de Población y Vivienda 2010,2010,Viviendas,Viviendas particulares habitadas que disponen de agua entubada en  el ámbito de la vivienda
Vivienda,VPH_AGUAFV,"Viviendas particulares habitadas que tienen disponibilidad de agua de una llave pública o hidrante, de otra vivienda, de pipa, de pozo, río, arroyo, lago u otro. Comprende las viviendas particulares para las que se captaron las características de la vivienda, clasificadas como casa independiente, departamento en edificio, vivienda o cuarto en vecindad y vivienda o cuarto en azotea y a las que no especificaron clase de vivienda.",,Viviendas,INEGI. Censo de Población y Vivienda 2010,2010,Viviendas,Viviendas particulares habitadas que no disponen de agua entubada en el ámbito de la vivienda
Vivienda,VPH_EXCSA,"Viviendas particulares habitadas que tienen excusado, retrete, sanitario, letrina u hoyo negro. Excluye la estimación del número de personas y de viviendas particulares sin información de ocupantes.",,Viviendas,INEGI. Censo de Población y Vivienda 2010,2010,Viviendas,Viviendas particulares habitadas que disponen de excusado o sanitario
Vivienda,VPH_DRENAJ,"Viviendas particulares habitadas que tienen drenaje conectado a la red pública, fosa séptica, barranca, grieta, río, lago o mar. Comprende las viviendas particulares para las que se captaron las características de la vivienda, clasificadas como casa independiente, departamento en edificio, vivienda o cuarto en vecindad y vivienda o cuarto en azotea y a las que no especificaron clase de vivienda. ",,Viviendas,INEGI. Censo de Población y Vivienda 2010,2010,Viviendas,Viviendas particulares habitadas que disponen de drenaje
Vivienda,VPH_NODREN,"Viviendas particulares habitadas que no tienen drenaje. Comprende las viviendas particulares para las que se captaron las características de la vivienda, clasificadas como casa independiente, departamento en edificio, vivienda o cuarto en vecindad y vivienda o cuarto en azotea y a las que no especificaron clase de vivienda. ",,Viviendas,INEGI. Censo de Población y Vivienda 2010,2010,Viviendas,Viviendas particulares habitadas que no disponen de drenaje
Vivienda,VPH_C_SERV,"Viviendas particulares habitadas que tienen luz eléctrica, agua entubada dentro o fuera de la vivienda, pero dentro del terreno, así como drenaje. Comprende las viviendas particulares para las que se captaron las características de la vivienda, clasificadas como casa independiente, departamento en edificio, vivienda o cuarto en vecindad y vivienda o cuarto en azotea y a las que no especificaron clase de vivienda.",,Viviendas,INEGI. Censo de Población y Vivienda 2010,2010,Viviendas,"Viviendas particulares habitadas que disponen de luz eléctrica, agua entubada de la red pública y drenaje "
Vivienda,VPH_SNBIEN,"Viviendas particulares habitadas que no disponen de radio, televisión, refrigerador, lavadora, automóvil, computadora, teléfono fijo, celular ni internet. Comprende las viviendas particulares para las que se captaron las características de la vivienda, clasificadas como casa independiente, departamento en edificio, vivienda o cuarto en vecindad y vivienda o cuarto en azotea y a las que no especificaron clase de vivienda.",,Viviendas,INEGI. Censo de Población y Vivienda 2010,2010,Viviendas,Viviendas particulares habitadas sin ningún bien
Vivienda,VPH_RADIO,"Viviendas particulares habitadas que tienen radio. Comprende las viviendas particulares para las que se captaron las características de la vivienda, clasificadas como casa independiente, departamento en edificio, vivienda o cuarto en vecindad y vivienda o cuarto en azotea y a las que no especificaron clase de vivienda.",,Viviendas,INEGI. Censo de Población y Vivienda 2010,2010,Viviendas,Viviendas particulares habitadas que disponen de radio
Vivienda,VPH_TV,"Viviendas particulares habitadas que tienen televisor. Comprende las viviendas particulares para las que se captaron las características de la vivienda, clasificadas como casa independiente, departamento en edificio, vivienda o cuarto en vecindad y vivienda o cuarto en azotea y a las que no especificaron clase de vivienda.",,Viviendas,INEGI. Censo de Población y Vivienda 2010,2010,Viviendas,Viviendas particulares habitadas que disponen de televisor
Vivienda,VPH_REFRI,"Viviendas particulares habitadas que tienen refrigerador. Comprende las viviendas particulares para las que se captaron las características de la vivienda, clasificadas como casa independiente, departamento en edificio, vivienda o cuarto en vecindad y vivienda o cuarto en azotea y a las que no especificaron clase de vivienda.",,Viviendas,INEGI. Censo de Población y Vivienda 2010,2010,Viviendas,Viviendas particulares habitadas que disponen de refrigerador
Vivienda,VPH_LAVAD,"Viviendas particulares habitadas que tienen lavadora. Comprende las viviendas particulares para las que se captaron las características de la vivienda, clasificadas como casa independiente, departamento en edificio, vivienda o cuarto en vecindad y vivienda o cuarto en azotea y a las que no especificaron clase de vivienda.",,Viviendas,INEGI. Censo de Población y Vivienda 2010,2010,Viviendas,Viviendas particulares habitadas que disponen de lavadora
Vivienda,VPH_AUTOM,"Viviendas particulares habitadas que tienen automóvil o camioneta. Comprende las viviendas particulares para las que se captaron las características de la vivienda, clasificadas como casa independiente, departamento en edificio, vivienda o cuarto en vecindad y vivienda o cuarto en azotea y a las que no especificaron clase de vivienda.",,Viviendas,INEGI. Censo de Población y Vivienda 2010,2010,Viviendas,Viviendas particulares habitadas que disponen de automóvil o camioneta
Vivienda,VPH_PC,"Viviendas particulares habitadas que tienen computadora. Comprende las viviendas particulares para las que se captaron las características de la vivienda, clasificadas como casa independiente, departamento en edificio, vivienda o cuarto en vecindad y vivienda o cuarto en azotea y a las que no especificaron clase de vivienda.",,Viviendas,INEGI. Censo de Población y Vivienda 2010,2010,Viviendas,Viviendas particulares habitadas que disponen de computadora
Vivienda,VPH_TELEF,"Viviendas particulares habitadas que tienen línea telefónica fija. Comprende las viviendas particulares para las que se captaron las características de la vivienda, clasificadas como casa independiente, departamento en edificio, vivienda o cuarto en vecindad y vivienda o cuarto en azotea y a las que no especificaron clase de vivienda.",,Viviendas,INEGI. Censo de Población y Vivienda 2010,2010,Viviendas,Viviendas particulares habitadas que disponen de línea telefónica fija
Vivienda,VPH_CEL,"Viviendas particulares habitadas que tienen teléfono celular. Comprende las viviendas particulares para las que se captaron las características de la vivienda, clasificadas como casa independiente, departamento en edificio, vivienda o cuarto en vecindad y vivienda o cuarto en azotea y a las que no especificaron clase de vivienda.",,Viviendas,INEGI. Censo de Población y Vivienda 2010,2010,Viviendas,Viviendas particulares habitadas que disponen de teléfono celular
Vivienda,VPH_INTER,"Viviendas particulares habitadas que tienen servicio de internet. Comprende las viviendas particulares para las que se captaron las características de la vivienda, clasificadas como casa independiente, departamento en edificio, vivienda o cuarto en vecindad y vivienda o cuarto en azotea y a las que no especificaron clase de vivienda.",,Viviendas,INEGI. Censo de Población y Vivienda 2010,2010,Viviendas,Viviendas particulares habitadas que disponen de internet
